{"cameraMode":{"drawMode":0,"name":"Shaded","section":"Shading Mode"},"sceneLighting":true,"audioPlay":false,"sceneViewState":{"m_AlwaysRefresh":false,"showFog":true,"showSkybox":true,"showFlares":true,"showImageEffects":true,"showParticleSystems":true,"showVisualEffectGraphs":true,"m_FxEnabled":true},"in2DMode":false,"pivot":{"x":1.2536388635635377,"y":-15.030364990234375,"z":3.490325927734375},"rotation":{"x":-0.5759872198104858,"y":0.001714659738354385,"z":-0.0012085711350664497,"w":-0.8174611330032349},"size":14.145697593688965,"orthographic":false}