{"cameraMode":{"drawMode":0,"name":"Shaded","section":"Shading Mode"},"sceneLighting":true,"audioPlay":false,"sceneViewState":{"m_AlwaysRefresh":false,"showFog":true,"showSkybox":true,"showFlares":true,"showImageEffects":true,"showParticleSystems":true,"showVisualEffectGraphs":true,"m_FxEnabled":true},"in2DMode":false,"pivot":{"x":-0.6672942638397217,"y":0.9769284725189209,"z":3.4611563682556154},"rotation":{"x":0.04577336832880974,"y":-0.9542139768600464,"z":0.21269355714321137,"w":0.20549160242080689},"size":4.244771957397461,"orthographic":false}